{
  "metrics": {
    "catboost": {
      "oof": {
        "rmse": 0.43677651666457934,
        "mae": 0.2154615819454193,
        "r2": 0.8669586777687073
      },
      "test": {
        "rmse": 0.3596056944074283,
        "mae": 0.20025530457496643,
        "r2": 0.9127273559570312
      }
    },
    "catboost_b": {
      "oof": {
        "rmse": 0.4456253960221124,
        "mae": 0.22137363255023956,
        "r2": 0.8615133762359619
      },
      "test": {
        "rmse": 0.3621613252280695,
        "mae": 0.20665578544139862,
        "r2": 0.9114824533462524
      }
    },
    "lightgbm": {
      "oof": {
        "rmse": 0.46172164231893537,
        "mae": 0.24054235219955444,
        "r2": 0.8513282537460327
      },
      "test": {
        "rmse": 0.3767288805985081,
        "mae": 0.2126285433769226,
        "r2": 0.9042181968688965
      }
    },
    "xgboost": {
      "oof": {
        "rmse": 0.44895127667798795,
        "mae": 0.2001374363899231,
        "r2": 0.8594384789466858
      },
      "test": {
        "rmse": 0.3791164916065123,
        "mae": 0.190421462059021,
        "r2": 0.9030002951622009
      }
    },
    "xgboost_b": {
      "oof": {
        "rmse": 0.44433461283392,
        "mae": 0.20015551149845123,
        "r2": 0.8623144626617432
      },
      "test": {
        "rmse": 0.37211930961089484,
        "mae": 0.1895669400691986,
        "r2": 0.9065477848052979
      }
    },
    "stacked_cat": {
      "train_like": {
        "rmse": 0.1808305643257139,
        "mae": 0.1101493164896965,
        "r2": 0.9771959781646729
      },
      "test": {
        "rmse": 0.34725202141153516,
        "mae": 0.18561501801013947,
        "r2": 0.9186205863952637
      }
    },
    "stacked_ridge": {
      "train_like": {
        "rmse": 0.4321289924578392,
        "mae": 0.21150396764278412,
        "r2": 0.8697748780250549
      },
      "test": {
        "rmse": 0.36037688954572805,
        "mae": 0.197556272149086,
        "r2": 0.9123526215553284
      }
    },
    "stacked_blend": {
      "train_like": {
        "rmse": 0.2435773531501253,
        "mae": 0.13751403987407684,
        "r2": 0.9586246609687805
      },
      "test": {
        "rmse": 0.34143226795003934,
        "mae": 0.17751441895961761,
        "r2": 0.9213254451751709
      }
    },
    "conformal": {
      "coverage": 0.8851851851851852,
      "avg_width": 0.6813450455665588,
      "q_hat": 0.32360583543777466
    }
  }
}